{"epoch": 200, "acc1": 42.230000000000004, "acc5": 71.28999999999999, "test_loss": 2.346254391860962, "train_loss": 2.060182950129876, "lr": 0.0008000000000000003, "_timestamp": 1688234089.5811274, "_runtime": 3605.0650763511658, "_step": 199, "_wandb": {"runtime": 3603}}