{"epoch": 80, "acc1": 34.28, "acc5": 60.51, "test_loss": 5.2709567276000975, "train_loss": 0.18342629051170287, "lr": 0.0006805294190860552, "_timestamp": 1688210644.6368918, "_runtime": 1929.4346139431, "_step": 79, "_wandb": {"runtime": 1936}}