{"epoch": 200, "acc1": 39.5, "acc5": 65.51, "test_loss": 3.783373370742798, "train_loss": 0.08717200956665552, "lr": 8.000000000000002e-05, "_timestamp": 1688215194.0753047, "_runtime": 4266.468503713608, "_step": 199, "_wandb": {"runtime": 4264}}