{"epoch": 200, "acc1": 40.08, "acc5": 66.13, "test_loss": 2.75421576461792, "train_loss": 1.2333124111860225, "lr": 0.0008000000000000003, "_timestamp": 1688234344.9483132, "_runtime": 3668.3314261436462, "_step": 199, "_wandb": {"runtime": 3666}}