{"epoch": 200, "acc1": 43.66, "acc5": 71.84, "test_loss": 2.267462212371826, "train_loss": 3.1307479244012097, "lr": 0.0008000000000000003, "_timestamp": 1688230022.4486895, "_runtime": 2789.604455471039, "_step": 199, "_wandb": {"runtime": 2784}}