{"epoch": 200, "acc1": 42.230000000000004, "acc5": 67.85, "test_loss": 3.910935888671875, "train_loss": 0.015074428610312633, "lr": 8.000000000000002e-05, "_timestamp": 1688223327.7070043, "_runtime": 4461.620488405228, "_step": 199, "_wandb": {"runtime": 4459}}