{"epoch": 200, "acc1": 39.519999999999996, "acc5": 66.73, "test_loss": 3.6623380783081054, "train_loss": 0.2054565405425353, "lr": 0.0008000000000000003, "_timestamp": 1688226772.6071744, "_runtime": 2892.1778564453125, "_step": 199, "_wandb": {"runtime": 2890}}