{"epoch": 53, "acc1": 29.67, "acc5": 59.75, "test_loss": 2.8217429588317873, "train_loss": 2.8224732985863317, "lr": 0.1, "_timestamp": 1688208599.1906128, "_runtime": 1121.2645528316498, "_step": 52, "_wandb": {"runtime": 1119}}