{"epoch": 1, "acc1": 8.129999999999999, "acc5": 26.790000000000003, "test_loss": 4.0399754577636715, "train_loss": 4.350916089155735, "lr": 0.01, "_timestamp": 1688218376.2178328, "_runtime": 52.975032806396484, "_step": 0, "_wandb": {"runtime": 50}}